W,Q2,eps,cos_th,Su,dSu,Slt,dSlt,Stt,dStt
1.63,1.8,0.8695,-0.775,76.344,9.64696,4.392,5.1905,6.624,7.99167
1.63,1.8,0.8695,-0.525,66.2,8.52298,3.693,4.50178,-17.216,7.72908
1.63,1.8,0.8695,-0.3,50.957,7.0403,7.654,4.62846,0.549,7.02829
1.63,1.8,0.8695,-0.1,55.231,7.36197,-2.075,4.4696,8.064,7.20603
1.63,1.8,0.8695,0.1,38.716,5.36639,-4.783,3.62743,10.601,5.89985
1.63,1.8,0.8695,0.3,61.3,7.83578,-6.968,4.25974,-0.36,7.07513
1.63,1.8,0.8695,0.5,55.52,7.29951,-11.009,4.00763,-13.567,7.31822
1.63,1.8,0.8695,0.675,53.389,7.42839,-2.253,4.46479,-7.855,8.08441
1.63,1.8,0.8695,0.825,72.8,9.84352,8.341,5.99003,1.791,9.83623
1.63,1.8,0.8695,0.95,66.561,10.7393,0.627,8.78031,7.033,13.9752
1.675,1.8,0.8601,-0.775,92.053,11.1807,-1.47,5.07092,-1.273,8.07337
1.675,1.8,0.8601,-0.525,84.724,10.1771,-1.785,4.56977,-4.107,7.14917
1.675,1.8,0.8601,-0.3,85.306,10.2874,5.069,4.6837,-5.296,7.34917
1.675,1.8,0.8601,-0.1,80.557,9.77178,-10.179,4.58922,7.057,7.19354
1.675,1.8,0.8601,0.1,88.336,10.6927,-18.198,4.73921,-14.346,7.9072
1.675,1.8,0.8601,0.3,90.775,10.921,-17.169,4.64574,-8.505,7.74519
1.675,1.8,0.8601,0.5,111.72,13.048,-18.896,4.81195,8.626,7.5121
1.675,1.8,0.8601,0.675,157.493,18.2228,-21.926,5.85403,-8.456,9.50364
1.675,1.8,0.8601,0.825,181.944,20.9156,-9.288,5.71134,-17.06,10.1384
1.675,1.8,0.8601,0.95,244.912,28.4635,-5.819,9.22715,-4.245,15.402
1.725,1.8,0.8493,-0.775,62.545,7.80295,6.836,4.47505,2.069,6.54948
1.725,1.8,0.8493,-0.525,48.637,5.9122,-4.959,2.88495,-14.994,4.96243
1.725,1.8,0.8493,-0.3,64.236,7.65698,-18.724,3.75604,-17.69,5.53364
1.725,1.8,0.8493,-0.1,72.6,8.59021,-20.315,4.24236,1.682,5.56248
1.725,1.8,0.8493,0.1,103.985,12.0997,-26.415,5.19926,-5.346,6.83169
1.725,1.8,0.8493,0.3,126.715,14.7571,-25.153,5.98371,7.104,8.246
1.725,1.8,0.8493,0.5,173.094,19.9641,-25.88,6.45964,14.784,9.6857
1.725,1.8,0.8493,0.675,222.203,25.2843,-29.685,10.7448,-3.699,4.64819
1.725,1.8,0.8493,0.825,286.963,32.3743,-21.821,6.78283,-6.495,10.703
1.725,1.8,0.8493,0.95,359.912,40.9274,-5.383,9.74338,-2.334,16.3653
1.775,1.8,0.838,-0.775,22.583,3.43395,5.321,3.13641,5.349,4.13563
1.775,1.8,0.838,-0.525,33.331,4.18685,-8.016,2.64113,-9.157,4.01363
1.775,1.8,0.838,-0.3,57.427,6.87898,-23.652,4.17414,-10.671,5.0333
1.775,1.8,0.838,-0.1,74.602,8.73215,-21.461,4.15064,-6.437,5.30374
1.775,1.8,0.838,0.1,111.824,12.8248,-25.89,4.86898,-5.805,6.1536
1.775,1.8,0.838,0.3,133.959,15.3275,-28.706,5.58717,-11.346,7.30169
1.775,1.8,0.838,0.5,175.972,20.0993,-31.101,6.65159,12.377,8.96375
1.775,1.8,0.838,0.675,204.616,23.4647,-19.415,6.4418,-0.771,10.6114
1.775,1.8,0.838,0.825,247.12,27.8882,-6.498,5.7257,3.798,9.44646
1.775,1.8,0.838,0.95,303.89,34.4395,0.271,7.93006,14.748,13.0654
1.825,1.8,0.825,-0.775,27.227,3.89683,8.975,3.33085,-3.063,4.45942
1.825,1.8,0.825,-0.525,32.224,4.02651,-0.884,2.04761,-13.886,3.88865
1.825,1.8,0.825,-0.3,52.674,6.2962,-18.03,3.57236,-3.474,4.47649
1.825,1.8,0.825,-0.1,71.238,8.44608,-10.717,4.35923,-0.634,6.17645
1.825,1.8,0.825,0.1,85.341,9.86088,-15.259,3.89256,4.913,5.38775
1.825,1.8,0.825,0.3,119.084,13.5924,-28.92,5.14664,-7.23,6.20592
1.825,1.8,0.825,0.5,136.231,15.5749,-16.624,5.22176,0.41,7.58715
1.825,1.8,0.825,0.675,163.855,18.9382,-12.401,5.5587,-15.518,9.7299
1.825,1.8,0.825,0.825,204.949,23.1989,-20.419,5.48915,-24.898,9.12545
1.825,1.8,0.825,0.95,286.487,32.4036,-18.771,7.58013,-17.842,11.9163
1.875,1.8,0.8128,-0.775,33.422,4.31515,-4.076,2.73785,3.112,4.24664
1.875,1.8,0.8128,-0.525,35.432,4.31989,-0.461,2.01672,-8.264,3.55501
1.875,1.8,0.8128,-0.3,42.126,5.05978,-12.409,2.70892,-1.971,3.72814
1.875,1.8,0.8128,-0.1,51.044,6.05232,-15.067,3.18112,-7.953,4.27158
1.875,1.8,0.8128,0.1,80.835,9.42234,-14.237,4.29331,-2.948,5.87913
1.875,1.8,0.8128,0.3,89.921,10.311,-14.172,3.59786,-15.009,5.44684
1.875,1.8,0.8128,0.5,131.759,15.0002,-4.113,4.45308,7.959,6.96354
1.875,1.8,0.8128,0.675,156.688,18.0576,-15.164,5.75244,-1.346,8.90039
1.875,1.8,0.8128,0.825,188.17,21.3389,-8.223,4.92979,0.523,8.33722
1.875,1.8,0.8128,0.95,271.251,30.6528,-13.486,7.10541,-7.443,11.1331
1.925,1.8,0.7996,-0.775,27.031,3.59431,0.736,2.55545,12.302,4.01487
1.925,1.8,0.7996,-0.525,24.18,3.0244,-0.338,1.5705,-8.355,2.89691
1.925,1.8,0.7996,-0.3,24.822,3.10239,-2.18,1.72496,-2.593,2.81341
1.925,1.8,0.7996,-0.1,36.896,4.45801,-8.437,2.34944,-6.328,3.56767
1.925,1.8,0.7996,0.1,46.913,5.58144,-15.607,3.29438,-11.717,4.41522
1.925,1.8,0.7996,0.3,77.949,8.99361,-11.029,3.58807,-5.682,5.2205
1.925,1.8,0.7996,0.5,107.04,12.1839,-14.391,3.82188,0.885,5.53297
1.925,1.8,0.7996,0.675,133.85,15.4783,-7.409,5.51851,1.799,8.33766
1.925,1.8,0.7996,0.825,187.544,21.279,-6.221,4.8964,-0.153,8.41402
1.925,1.8,0.7996,0.95,258.416,29.1652,-13.708,6.52711,-1.508,10.3725
1.975,1.8,0.7836,-0.775,25.178,3.30864,1.337,2.27638,3.012,3.50377
1.975,1.8,0.7836,-0.525,11.039,1.51444,1.571,1.0837,-1.891,1.72723
1.975,1.8,0.7836,-0.3,14.053,1.94213,-1.055,1.40244,-1.211,2.31334
1.975,1.8,0.7836,-0.1,21.799,2.76595,-6.038,1.68068,-6.702,2.79044
1.975,1.8,0.7836,0.1,40.692,4.86004,-12.815,2.7188,-12.47,3.95402
1.975,1.8,0.7836,0.3,63.626,7.40228,-17.491,3.71873,-11.993,4.98842
1.975,1.8,0.7836,0.5,96.62,11.008,-3.764,3.32529,1.465,5.2418
1.975,1.8,0.7836,0.675,113.25,13.136,-5.78,5.13374,6.848,7.72069
1.975,1.8,0.7836,0.825,154.553,17.6687,-6.056,5.01233,21.237,8.32066
1.975,1.8,0.7836,0.95,247.78,27.9386,-19.916,6.36674,23.196,10.2199
2.025,1.8,0.7683,-0.775,7.431,1.30479,2.392,1.35521,1.898,1.91393
2.025,1.8,0.7683,-0.525,4.266,0.759647,1.114,0.713997,-1.46,1.15569
2.025,1.8,0.7683,-0.3,8.249,1.25824,-3.179,1.07349,-2.14,1.81139
2.025,1.8,0.7683,-0.1,17.626,2.27401,-6.089,1.52556,-5.462,2.43438
2.025,1.8,0.7683,0.1,36.631,4.37209,-9.165,2.2526,-8.401,3.42603
2.025,1.8,0.7683,0.3,53.227,6.26033,-12.096,3.35328,-8.126,4.68547
2.025,1.8,0.7683,0.5,74.726,8.56845,-4.601,3.01938,-6.931,4.76944
2.025,1.8,0.7683,0.675,93.162,10.8031,-6.199,4.33412,-9.856,6.81034
2.025,1.8,0.7683,0.825,127.029,14.6687,-12.532,5.01417,5.944,7.72835
2.025,1.8,0.7683,0.95,224.677,25.3479,-20.301,6.0176,22.948,9.65388
2.075,1.8,0.7489,-0.775,3.617,0.807832,0.47,0.889701,-0.452,1.41899
2.075,1.8,0.7489,-0.525,2.154,0.529103,0.633,0.597607,-0.201,0.915302
2.075,1.8,0.7489,-0.3,9.821,1.4539,-4.01,1.28194,-1.152,2.01052
2.075,1.8,0.7489,-0.1,17.95,2.28175,-4.55,1.4521,-3.316,2.36109
2.075,1.8,0.7489,0.1,27.363,3.31733,-7.17,1.82254,-8.42,2.96636
2.075,1.8,0.7489,0.3,43.72,5.15005,-15.333,2.96285,-12.863,4.04165
2.075,1.8,0.7489,0.5,64.84,7.50837,-0.813,3.24839,-3.495,5.00075
2.075,1.8,0.7489,0.675,88.089,10.2316,-3.445,4.37859,6.019,6.78365
2.075,1.8,0.7489,0.825,127.83,14.8551,-12.821,5.6411,6.36,8.29544
2.075,1.8,0.7489,0.95,233.279,26.3221,-8.143,5.96952,16.51,10.1053
2.125,1.8,0.7287,-0.775,1.072,0.556862,0.468,0.744018,0.404,0.969153
2.125,1.8,0.7287,-0.525,2.133,0.51469,0.49,0.587802,-0.207,0.932315
2.125,1.8,0.7287,-0.3,6.925,1.08025,-3.768,1.05275,-1.348,1.67444
2.125,1.8,0.7287,-0.1,11.408,1.54834,-3.384,1.19264,-1.496,1.92697
2.125,1.8,0.7287,0.1,21.016,2.59249,-4.729,1.55385,-2.65,2.4626
2.125,1.8,0.7287,0.3,35.946,4.26547,-6.587,2.11631,-11.704,3.5
2.125,1.8,0.7287,0.5,52.237,6.1477,-3.963,3.20274,-5.995,4.84504
2.125,1.8,0.7287,0.675,78.549,9.13605,-8.973,4.0794,-3.984,6.25739
2.125,1.8,0.7287,0.825,131.838,15.3798,-12.736,6.67934,25.95,9.83155
2.125,1.8,0.7287,0.95,216.705,24.4856,-4.123,5.88381,14.374,10.0044
2.175,1.8,0.7042,-0.775,0.615,0.415644,0.496,0.577921,0.15,0.70022
2.175,1.8,0.7042,-0.525,1.215,0.395693,0.215,0.471671,-0.34,0.805982
2.175,1.8,0.7042,-0.3,3.723,0.65719,-2.369,0.751019,0.712,1.20788
2.175,1.8,0.7042,-0.1,8.442,1.21858,-3.437,1.06485,-1.921,1.74553
2.175,1.8,0.7042,0.1,15.331,1.96226,-3.639,1.33947,-2.018,2.19772
2.175,1.8,0.7042,0.3,29.318,3.53091,-6.916,2.04399,-2,3.06295
2.175,1.8,0.7042,0.5,47.444,5.73945,1.396,3.78553,-1.904,5.53349
2.175,1.8,0.7042,0.675,74.63,8.68989,-9.092,4.03958,-10.737,6.36618
2.175,1.8,0.7042,0.825,110.492,13.0122,-21.244,6.4363,-5.451,9.0505
2.175,1.8,0.7042,0.95,226.21,25.574,-0.387,6.42316,6.357,10.8036
2.225,1.8,0.6791,-0.775,0.747,0.430069,0.372,0.555707,-0.297,0.897673
2.225,1.8,0.6791,-0.525,0.896,0.318905,0.318,0.427622,0.259,0.635723
2.225,1.8,0.6791,-0.3,3.057,0.605926,-2.09,0.741482,0.425,1.17305
2.225,1.8,0.6791,-0.1,5.304,0.872557,-2.256,0.894816,-0.994,1.47559
2.225,1.8,0.6791,0.1,13.459,1.7603,-2.987,1.27291,-3.464,2.19278
2.225,1.8,0.6791,0.3,21.759,2.69294,-3.02,1.64832,-4.137,2.76568
2.225,1.8,0.6791,0.5,45.294,5.47912,-2.703,3.56207,-4.714,5.25801
2.225,1.8,0.6791,0.675,69.843,8.17981,-2.058,4.03519,-5.571,6.38635
2.225,1.8,0.6791,0.825,104.07,12.2501,-29.275,6.55079,-21.914,9.49184
2.225,1.8,0.6791,0.95,206.146,23.3941,-1.311,6.62877,1.892,11.1462
2.275,1.8,0.6516,-0.775,1.319,0.458978,0.856,0.643837,0.324,0.906793
2.275,1.8,0.6516,-0.525,0.592,0.290529,0.118,0.341279,-0.426,0.666865
2.275,1.8,0.6516,-0.3,2.13,0.511874,-1.001,0.608379,-0.83,1.08535
2.275,1.8,0.6516,-0.1,4.144,0.739477,-2.248,0.837378,-0.924,1.38223
2.275,1.8,0.6516,0.1,8.947,1.26404,-2.374,1.10643,-1.451,1.89363
2.275,1.8,0.6516,0.3,18.905,2.37441,-2.558,1.60318,-1.649,2.66898
2.275,1.8,0.6516,0.5,32.077,3.87339,-12.799,2.67785,-15.942,4.12214
2.275,1.8,0.6516,0.675,60.098,7.15458,-2.432,4.18369,-15.815,6.83714
2.275,1.8,0.6516,0.825,104.867,12.4324,-11.89,6.74502,-14.22,10.1532
2.275,1.8,0.6516,0.95,197.126,22.4709,-9.335,7.09161,-14.887,12.2881
2.325,1.8,0.621,-0.775,1.151,0.399007,0.397,0.529043,-0.475,0.913692
2.325,1.8,0.621,-0.525,0.322,0.251552,0.129,0.372306,0.089,0.587092
2.325,1.8,0.621,-0.3,1.493,0.447795,-0.247,0.608686,-0.08,1.05404
2.325,1.8,0.621,-0.1,1.607,0.478492,-0.496,0.649597,-0.246,1.12637
2.325,1.8,0.621,0.1,8.711,1.21517,-2.167,1.10547,0.148,1.86108
2.325,1.8,0.621,0.3,14.521,1.8776,-2.815,1.40612,-5.027,2.50503
2.325,1.8,0.621,0.5,28.391,3.51107,-6.791,2.50438,-9.985,4.01952
2.325,1.8,0.621,0.675,59.63,7.17595,-4.05,4.72582,-18.449,7.61724
2.325,1.8,0.621,0.825,91.286,10.9595,-9.4,6.83309,-10.485,10.3231
2.325,1.8,0.621,0.95,195.204,22.3607,-21.99,8.15736,-11.441,13.7563
2.375,1.8,0.5907,-0.775,0.995,0.339469,0.796,0.544031,-0.086,0.888057
2.375,1.8,0.5907,-0.525,0.286,0.220299,0.108,0.372215,0.131,0.614191
2.375,1.8,0.5907,-0.3,1.247,0.395043,-0.355,0.46984,-1.303,1.00068
2.375,1.8,0.5907,-0.1,2.815,0.582836,-0.586,0.7362,-0.788,1.31324
2.375,1.8,0.5907,0.1,4.328,0.74087,-1.745,0.866399,-0.379,1.48866
2.375,1.8,0.5907,0.3,13.04,1.70338,-1.623,1.38607,-1.659,2.38591
2.375,1.8,0.5907,0.5,28.562,3.51592,-6.545,2.52683,-6.18,4.00973
2.375,1.8,0.5907,0.675,55.829,6.85734,-4.554,5.34065,-11.836,8.23034
2.375,1.8,0.5907,0.825,89.385,10.7033,-10.644,6.80689,-23.331,10.9294
2.375,1.8,0.5907,0.95,166.379,19.2408,-29.836,8.57199,-8.228,14.2476
2.425,1.8,0.5588,-0.775,0.526,0.234388,0.354,0.323661,-0.354,0.609409
2.425,1.8,0.5588,-0.525,1.021,0.290057,0.56,0.450787,0.931,0.702496
2.425,1.8,0.5588,-0.3,0.305,0.220613,-0.013,0.348003,-0.033,0.615012
2.425,1.8,0.5588,-0.1,1.481,0.403049,-0.67,0.561499,-0.595,1.01938
2.425,1.8,0.5588,0.1,3.611,0.653386,-1.936,0.837224,-0.412,1.41982
2.425,1.8,0.5588,0.3,9.91,1.36251,-1.173,1.28336,-0.918,2.25256
2.425,1.8,0.5588,0.5,22.712,2.81614,-6.876,2.10851,-10.334,3.69161
2.425,1.8,0.5588,0.675,47.759,5.84043,-5.183,4.16241,-21.413,7.12406
2.425,1.8,0.5588,0.825,69.949,8.47053,-19.103,5.93401,-35.685,10.3532
2.425,1.8,0.5588,0.95,158.855,18.6177,-20.212,9.22911,-18.023,16.297
2.475,1.8,0.5289,-0.775,1.19,0.302377,0.295,0.381564,-1.414,0.828682
2.475,1.8,0.5289,-0.525,0.261,0.184291,0.106,0.309249,0.073,0.528069
2.475,1.8,0.5289,-0.3,0.635,0.26649,-0.121,0.414242,-0.105,0.764099
2.475,1.8,0.5289,-0.1,1.049,0.326471,-0.745,0.510497,0.195,0.883295
2.475,1.8,0.5289,0.1,4.185,0.668696,-1.728,0.83097,0.685,1.42026
2.475,1.8,0.5289,0.3,7.467,1.07019,-1.465,1.1281,-0.907,2.0118
2.475,1.8,0.5289,0.5,19.068,2.40072,-5.628,1.92606,-9.935,3.5261
2.475,1.8,0.5289,0.675,40,4.44,-1.747,0.204399,-23.759,2.7798
2.475,1.8,0.5289,0.825,62.17,7.61008,-16.29,5.74346,-58.12,11.7562
2.475,1.8,0.5289,0.95,142.048,16.5435,-27.197,9.22141,-14.85,6.19561
2.525,1.8,0.4983,-0.775,0.542,0.235804,0.324,0.422703,-0.018,0.726003
2.525,1.8,0.4983,-0.525,0.033,0.0800838,0.004,0.139001,-0.003,0.253
2.525,1.8,0.4983,-0.3,0.19,0.168326,0.022,0.276012,-0.035,0.518016
2.525,1.8,0.4983,-0.1,1.139,0.30267,-0.569,0.508378,0.971,0.878378
2.525,1.8,0.4983,0.1,0.858,0.327169,-0.308,0.566148,0.241,1.0064
2.525,1.8,0.4983,0.3,6.619,0.95302,-1.199,1.07123,0.116,1.91305
2.525,1.8,0.4983,0.5,14.121,1.85818,-2.634,1.72672,-3.845,3.10476
2.525,1.8,0.4983,0.675,32.728,4.29808,-1.327,4.23884,-19.686,7.0631
2.525,1.8,0.4983,0.825,59.679,7.43594,-13.19,6.85497,-40.798,11.958
2.525,1.8,0.4983,0.95,125.285,14.9706,-31.047,9.32095,-15.969,17.0129
2.575,1.8,0.4658,-0.775,0.138,0.143818,0.165,0.276674,-0.045,0.548025
2.575,1.8,0.4658,-0.525,0.049,0.0901642,0.067,0.19216,0.025,0.270016
2.575,1.8,0.4658,-0.3,0.066,0.0972763,0.002,0.2,-0.013,0.328004
2.575,1.8,0.4658,-0.1,0.823,0.240986,-0.447,0.414314,0.115,0.758119
2.575,1.8,0.4658,0.1,1.813,0.396816,-1.593,0.657951,0.627,1.06952
2.575,1.8,0.4658,0.3,3.404,0.591431,-1.276,0.827577,-0.862,1.55527
2.575,1.8,0.4658,0.5,11.764,1.56632,-2.91,1.53523,-3.791,2.9189
2.575,1.8,0.4658,0.675,27.487,3.58219,-4.234,3.41116,-22.766,6.45335
2.575,1.8,0.4658,0.825,46.04,6.05365,-20.288,7.73902,-57.145,14.0261
2.575,1.8,0.4658,0.95,81.911,10.3961,-24.8,8.81051,-21.41,17.0134
1.63,2.6,0.8055,-0.775,39.371,4.21764,-10.08,3.39728,3.433,5.27033
1.63,2.6,0.8055,-0.525,32.133,3.69681,6.547,2.98206,-14.066,5.14055
1.63,2.6,0.8055,-0.3,28.344,3.47103,8.043,3.46137,22.749,5.07412
1.63,2.6,0.8055,-0.1,32.515,3.74368,-0.073,2.87101,-1.494,4.94209
1.63,2.6,0.8055,0.1,29.192,3.44176,-0.677,2.68217,1.028,4.72453
1.63,2.6,0.8055,0.3,40.419,4.31691,-2.197,2.87252,-6.408,5.39931
1.63,2.6,0.8055,0.5,33.682,3.86311,-3.009,2.75558,-8.605,5.36825
1.63,2.6,0.8055,0.675,37.287,4.47384,-0.664,3.67782,4.234,6.37228
1.63,2.6,0.8055,0.825,49.061,5.59891,-2.613,3.90499,-17.219,7.85862
1.63,2.6,0.8055,0.95,42.314,6.4195,2.906,6.17037,0.141,10.405
1.675,2.6,0.7963,-0.775,45.333,4.47977,-0.773,3.07033,11.536,4.7968
1.675,2.6,0.7963,-0.525,43.424,4.26413,4.299,2.95216,4.033,4.3785
1.675,2.6,0.7963,-0.3,39.183,3.92421,-0.353,2.72031,2.814,4.28567
1.675,2.6,0.7963,-0.1,46.96,4.56405,-7.85,2.80843,-7.368,4.864
1.675,2.6,0.7963,0.1,48.409,4.69599,-9.234,2.88586,-1.725,4.88018
1.675,2.6,0.7963,0.3,49.425,4.72038,-7.515,2.74465,1.755,4.73346
1.675,2.6,0.7963,0.5,57.4,5.30304,-3.193,2.5515,-7.386,4.88701
1.675,2.6,0.7963,0.675,85.619,7.71522,-11.506,3.71825,-7.243,6.39738
1.675,2.6,0.7963,0.825,100.91,8.93682,-8.186,3.73779,-16.455,6.96151
1.675,2.6,0.7963,0.95,136.575,12.3078,-7.654,5.81339,-3.391,10.0568
1.725,2.6,0.7804,-0.775,29,2.99515,-2.528,2.29712,-1.83,3.6982
1.725,2.6,0.7804,-0.525,29.904,2.94004,0.849,2.11733,0.042,3.391
1.725,2.6,0.7804,-0.3,35.099,3.39464,-5.188,2.25908,-5.846,3.70862
1.725,2.6,0.7804,-0.1,46.46,4.36375,-10.934,3.00311,-1.458,4.39032
1.725,2.6,0.7804,0.1,58.272,5.36979,-12.842,3.50083,2.804,5.10655
1.725,2.6,0.7804,0.3,68.679,6.30725,-16.896,3.82794,-7.671,5.76331
1.725,2.6,0.7804,0.5,99.876,8.7888,-22.111,4.33864,-10.851,6.50901
1.725,2.6,0.7804,0.675,112.64,9.85907,-11.353,4.13325,-2.696,6.92719
1.725,2.6,0.7804,0.825,166.315,14.1557,-12.572,4.57302,-6.691,7.67204
1.725,2.6,0.7804,0.95,231.812,19.93,-7.657,6.91428,-23.009,12.2758
1.775,2.6,0.765,-0.775,13.2,1.76094,-2.863,1.90666,-3.429,2.99499
1.775,2.6,0.765,-0.525,21.431,2.25433,-1.744,1.91789,-2.967,2.96042
1.775,2.6,0.765,-0.3,33.47,3.2395,-5.174,2.42575,0.696,3.6739
1.775,2.6,0.765,-0.1,43.362,4.01325,-10.883,2.75137,0.536,3.87051
1.775,2.6,0.765,0.1,63.916,5.70524,-15.366,3.50689,5.46,4.82745
1.775,2.6,0.765,0.3,87.489,7.73432,-13.806,4.19912,5.456,6.14525
1.775,2.6,0.765,0.5,96.245,8.43385,-13.681,3.87596,-1.279,6.01786
1.775,2.6,0.765,0.675,121.033,10.5244,-7.851,4.10314,1.985,7.12878
1.775,2.6,0.765,0.825,145.349,12.4015,-11.448,4.19176,-12.47,7.20232
1.775,2.6,0.765,0.95,197.586,16.9768,-9.658,6.26672,3.697,10.362
1.825,2.6,0.7481,-0.775,13.869,1.80681,0.359,1.88947,-0.073,2.86501
1.825,2.6,0.7481,-0.525,18.011,1.91118,-3.032,1.66132,-4.922,2.70012
1.825,2.6,0.7481,-0.3,31.761,3.17674,-3.6,2.75143,-1.027,4.08977
1.825,2.6,0.7481,-0.1,43.899,4.13758,-7.806,3.16848,4.776,4.66757
1.825,2.6,0.7481,0.1,51.878,4.66025,-9.74,2.80858,-0.317,4.12217
1.825,2.6,0.7481,0.3,73.405,6.45806,-13.872,3.63362,-0.548,5.24539
1.825,2.6,0.7481,0.5,79.359,7.04917,-9.707,3.73106,0.504,5.67931
1.825,2.6,0.7481,0.675,94.545,8.38829,-2.476,3.76516,-2.099,6.59358
1.825,2.6,0.7481,0.825,126.876,10.8922,-4.565,3.76805,-6.402,6.7964
1.825,2.6,0.7481,0.95,167.261,14.4205,-17.693,5.74026,-15.309,9.48172
1.875,2.6,0.7306,-0.775,16.505,1.8704,-0.002,1.571,-5.219,2.7916
1.875,2.6,0.7306,-0.525,17.378,1.77482,-5.197,1.45059,-4.688,2.33047
1.875,2.6,0.7306,-0.3,27.796,2.72363,-6.68,2.11194,-6.983,3.323
1.875,2.6,0.7306,-0.1,32.799,3.2071,-8.659,2.74946,-2.481,3.92974
1.875,2.6,0.7306,0.1,48.783,4.4341,-11.629,3.11397,3.631,4.3906
1.875,2.6,0.7306,0.3,57.461,5.08346,-8.734,2.76571,-0.023,4.223
1.875,2.6,0.7306,0.5,82.412,7.26649,-4.114,3.87005,4.628,5.96562
1.875,2.6,0.7306,0.675,103.017,9.12437,-2.109,4.32205,1.109,7.17117
1.875,2.6,0.7306,0.825,118.169,10.1828,4.727,3.80441,0.757,6.65359
1.875,2.6,0.7306,0.95,159.88,13.7899,-4.335,5.21074,-12.127,9.3058
1.925,2.6,0.714,-0.775,15.083,1.72607,-1.69,1.5705,-0.38,2.63238
1.925,2.6,0.714,-0.525,13.246,1.41635,1.745,1.19162,-1.948,1.97023
1.925,2.6,0.714,-0.3,15.998,1.69161,-4.071,1.50155,-1.316,2.36003
1.925,2.6,0.714,-0.1,23.056,2.32777,-6.64,2.04992,-2.985,3.03814
1.925,2.6,0.714,0.1,31.89,3.03475,-11.971,2.66562,-7.937,3.71591
1.925,2.6,0.714,0.3,47.367,4.23424,-9.839,2.59259,-4.479,3.84686
1.925,2.6,0.714,0.5,72.32,6.37375,0.598,3.38672,10.899,5.37544
1.925,2.6,0.714,0.675,82.079,7.38642,-16.091,4.38384,-2.663,6.46651
1.925,2.6,0.714,0.825,112.721,9.73616,-1.728,3.7205,-5.693,6.70218
1.925,2.6,0.714,0.95,160.958,13.8269,0.047,5.14,1.876,9.06666
1.975,2.6,0.6971,-0.775,8.99,1.13803,0.615,1.12231,-1.978,1.92794
1.975,2.6,0.6971,-0.525,6.543,0.793042,-1.745,0.60452,-6.554,1.54216
1.975,2.6,0.6971,-0.3,6.322,0.845557,-0.704,0.895795,-0.93,1.5199
1.975,2.6,0.6971,-0.1,14.149,1.53562,-4.224,1.46112,-1.926,2.28116
1.975,2.6,0.6971,0.1,26.119,2.556,-8.428,2.21554,-6.299,3.26526
1.975,2.6,0.6971,0.3,45.125,4.07711,-2.446,2.65547,-0.998,4.13165
1.975,2.6,0.6971,0.5,59.458,5.24366,-1.515,2.87547,-0.12,4.57402
1.975,2.6,0.6971,0.675,73.413,6.78219,-0.666,4.60266,5.403,6.80045
1.975,2.6,0.6971,0.825,100.645,8.79949,-3.065,3.8129,-4.763,6.72015
1.975,2.6,0.6971,0.95,163.072,13.9318,-2.706,5.11281,13.009,8.93263
2.025,2.6,0.6805,-0.775,4.28,0.766116,1.24,0.955083,-0.23,1.47525
2.025,2.6,0.6805,-0.525,2.858,0.487962,0,0.557,-1.15,1.00505
2.025,2.6,0.6805,-0.3,5.611,0.809475,-1.476,0.865405,-2.093,1.55441
2.025,2.6,0.6805,-0.1,11.527,1.30171,-2.64,1.27789,-0.964,2.06608
2.025,2.6,0.6805,0.1,23.298,2.26945,-7.029,1.96443,-6.852,3.03963
2.025,2.6,0.6805,0.3,35.607,3.33811,-3.631,2.66903,-0.988,4.02366
2.025,2.6,0.6805,0.5,50.819,4.51276,-2.076,2.60833,0.663,4.14173
2.025,2.6,0.6805,0.675,61.603,5.71133,-10.489,4.17446,-6.41,6.2442
2.025,2.6,0.6805,0.825,86.514,7.72043,-0.666,4.08174,10.159,6.78098
2.025,2.6,0.6805,0.95,142.9,12.2613,-1.722,4.79024,3.772,8.34168
2.075,2.6,0.6613,-0.775,2.701,0.604068,0.794,0.793457,-0.376,1.24578
2.075,2.6,0.6613,-0.525,1.294,0.342834,-0.111,0.427197,-0.439,0.770713
2.075,2.6,0.6613,-0.3,4.604,0.697082,-1.274,0.743103,-2.042,1.41038
2.075,2.6,0.6613,-0.1,12.485,1.33963,-4.345,1.3143,-0.785,2.05006
2.075,2.6,0.6613,0.1,18.442,1.83534,-4.503,1.63331,-1.815,2.55484
2.075,2.6,0.6613,0.3,26.946,2.61202,-4.417,2.32126,-1.788,3.48728
2.075,2.6,0.6613,0.5,42.044,3.79366,-3.806,2.50982,-1.852,3.94595
2.075,2.6,0.6613,0.675,56.081,5.33015,3.389,4.376,4.637,6.43989
2.075,2.6,0.6613,0.825,82.116,7.38507,-19.375,4.37593,-23.405,7.53799
2.075,2.6,0.6613,0.95,143.163,12.3065,5.281,5.15516,8.127,8.80549
2.125,2.6,0.6387,-0.775,0.354,0.268573,0.304,0.414529,0.194,0.498517
2.125,2.6,0.6387,-0.525,0.752,0.238123,-0.048,0.307051,-0.294,0.581019
2.125,2.6,0.6387,-0.3,3.734,0.58545,-1.144,0.719558,-0.206,1.23524
2.125,2.6,0.6387,-0.1,8.094,0.961006,-2.715,1.03781,-0.531,1.71213
2.125,2.6,0.6387,0.1,13.201,1.37201,-2.215,1.21105,-2.957,2.09871
2.125,2.6,0.6387,0.3,21.706,2.18016,-4.646,2.19924,-6.025,3.41358
2.125,2.6,0.6387,0.5,35.14,3.27286,-0.978,2.57454,2.387,3.99876
2.125,2.6,0.6387,0.675,45.683,4.31965,-8.02,3.44813,-9.836,5.56333
2.125,2.6,0.6387,0.825,78.838,7.25509,-10.737,4.88721,-0.242,7.56305
2.125,2.6,0.6387,0.95,134.541,11.6227,7.768,5.21284,-3.11,8.91343
2.175,2.6,0.6113,-0.775,0.594,0.367244,0.216,0.55058,0.034,0.850009
2.175,2.6,0.6113,-0.525,0.923,0.322021,0.182,0.414547,-0.644,0.771687
2.175,2.6,0.6113,-0.3,3.519,0.554925,-2.565,0.790205,1.922,1.21303
2.175,2.6,0.6113,-0.1,4.399,0.630402,-1.9,0.790884,-0.057,1.33102
2.175,2.6,0.6113,0.1,9.821,1.09368,-2.617,1.14375,-0.632,1.91543
2.175,2.6,0.6113,0.3,14.293,1.53419,-2.115,1.66647,-1.546,2.62923
2.175,2.6,0.6113,0.5,26.962,2.67171,-3.07,2.64748,0.847,4.0812
2.175,2.6,0.6113,0.675,51.668,4.83376,-1.583,3.84147,0.479,6.13526
2.175,2.6,0.6113,0.825,68.891,6.48065,-21.77,5.21616,-16.158,8.00251
2.175,2.6,0.6113,0.95,133.562,11.6041,4.304,5.41945,-18.542,9.94939
2.225,2.6,0.5833,-0.775,0.389,0.291749,0.179,0.454483,-0.044,0.739018
2.225,2.6,0.5833,-0.525,0.639,0.2437,0.01,0.317002,-0.587,0.639697
2.225,2.6,0.5833,-0.3,2.293,0.437469,-1.905,0.658846,1.162,1.03993
2.225,2.6,0.5833,-0.1,3.202,0.543614,-0.745,0.755048,1.014,1.28349
2.225,2.6,0.5833,0.1,6.733,0.819052,-1.712,0.955237,0.493,1.63302
2.225,2.6,0.5833,0.3,12.891,1.39025,-4.958,1.56173,-1.895,2.46997
2.225,2.6,0.5833,0.5,25.65,2.63606,-4.317,3.01067,-8.107,4.71636
2.225,2.6,0.5833,0.675,36.614,3.49699,-13.422,3.21816,-13.123,5.16165
2.225,2.6,0.5833,0.825,56.874,5.42785,-26.25,4.81706,-37.013,8.4887
2.225,2.6,0.5833,0.95,118.597,10.4711,-2.578,5.47731,-24.894,10.626
2.275,2.6,0.5516,-0.775,0.775,0.314488,0.031,0.557012,1.065,0.954171
2.275,2.6,0.5516,-0.525,0.231,0.172046,-0.077,0.251162,-0.177,0.515416
2.275,2.6,0.5516,-0.3,0.999,0.282153,-0.59,0.442419,0.368,0.766211
2.275,2.6,0.5516,-0.1,2.396,0.470032,-0.581,0.716233,0.778,1.23636
2.275,2.6,0.5516,0.1,4.809,0.680014,-0.646,0.889218,0.433,1.57282
2.275,2.6,0.5516,0.3,10.131,1.14916,-3.142,1.35771,-0.86,2.26823
2.275,2.6,0.5516,0.5,21.675,2.35106,-1.87,2.89129,-2.42,4.48395
2.275,2.6,0.5516,0.675,38.335,3.76052,-12.503,3.8248,-7.251,6.07057
2.275,2.6,0.5516,0.825,61.398,6.21677,-12.105,6.32754,-16.703,9.6431
2.275,2.6,0.5516,0.95,117.53,10.537,-17.88,6.33063,-30.94,12.4977
2.325,2.6,0.5195,-0.775,0.729,0.276538,-0.173,0.462443,0.088,0.825064
2.325,2.6,0.5195,-0.525,0.234,0.202909,-0.134,0.339362,0.003,0.639
2.325,2.6,0.5195,-0.3,0.624,0.236599,-0.264,0.405179,0.483,0.701281
2.325,2.6,0.5195,-0.1,0.981,0.328017,-0.856,0.514835,-0.365,0.973937
2.325,2.6,0.5195,0.1,4.808,0.664577,-1.022,0.867283,-1.038,1.62155
2.325,2.6,0.5195,0.3,8.456,1.00104,-3.285,1.28961,-0.772,2.19086
2.325,2.6,0.5195,0.5,17.416,1.92113,-5.884,2.50255,-3.177,4.01624
2.325,2.6,0.5195,0.675,30.511,3.09797,-14.937,3.62157,-11.423,5.77673
2.325,2.6,0.5195,0.95,97.776,9.03999,-14.571,6.54976,-13.276,12.6021
2.375,2.6,0.4817,-0.775,0.548,0.229443,0.061,0.391065,-0.33,0.748996
2.375,2.6,0.4817,-0.525,0.236,0.188993,-0.08,0.330133,-0.025,0.610007
2.375,2.6,0.4817,-0.3,0.681,0.280612,-0.381,0.46116,-0.267,0.892547
2.375,2.6,0.4817,-0.1,1.729,0.399971,-1.099,0.682227,0.713,1.19691
2.375,2.6,0.4817,0.1,2.794,0.514793,-1.555,0.797042,-0.507,1.49618
2.375,2.6,0.4817,0.3,7.567,0.918336,-3.155,1.23925,-1.032,2.2123
2.375,2.6,0.4817,0.5,15.531,1.65376,-9.746,2.13755,-9.053,3.59842
2.375,2.6,0.4817,0.675,37.661,4.0909,1.095,5.39352,2.9,8.5887
2.375,2.6,0.4817,0.825,55.227,5.6551,-17.895,6.4304,-43.49,11.9323
2.375,2.6,0.4817,0.95,93.706,8.9912,-4.598,7.65592,-0.657,14.8672
2.425,2.6,0.435054,-0.775,0.289696,0.15842,0.0271281,0.232657,-1.35837,0.513982
2.425,2.6,0.435054,-0.525,0.842503,0.248838,-0.414815,0.399822,-0.177672,0.69771
2.425,2.6,0.435054,-0.3,0.166564,0.156709,-0.0139521,0.341574,-0.00676209,0.548554
2.425,2.6,0.435054,-0.1,0.909644,0.276592,-1.25654,0.520334,0.538369,0.929081
2.425,2.6,0.435054,0.1,2.33113,0.454005,-1.7252,0.770203,-0.551145,1.42699
2.425,2.6,0.435054,0.3,5.75069,0.734564,-2.28023,1.14742,-0.571052,2.08865
2.425,2.6,0.435054,0.5,12.35,1.32461,-10.2389,1.78368,-15.1381,3.31293
2.425,2.6,0.435054,0.675,32.2172,3.48424,1.24624,4.20362,5.24651,7.43425
2.425,2.6,0.435054,0.825,43.2184,4.47541,-32.1165,5.6058,-66.5184,11.3032
2.425,2.6,0.435054,0.95,89.4684,8.70003,-3.11485,8.24282,-1.43912,17.0057
2.475,2.6,0.396627,-0.775,0.655397,0.204373,0.0226068,0.274279,-5.42581,0.698919
2.475,2.6,0.396627,-0.525,0.215371,0.158102,-0.0785185,0.274286,-0.0139313,0.524472
2.475,2.6,0.396627,-0.3,0.34678,0.189297,-0.129862,0.406589,-0.0215157,0.681531
2.475,2.6,0.396627,-0.1,0.644306,0.224041,-1.39719,0.473071,-0.17644,0.805051
2.475,2.6,0.396627,0.1,2.70168,0.464643,-1.53985,0.764449,0.916346,1.42743
2.475,2.6,0.396627,0.3,4.33304,0.576967,-2.84786,1.00861,-0.56421,1.86541
2.475,2.6,0.396627,0.5,10.3685,1.12921,-8.38052,1.62933,-14.5536,3.1644
2.475,2.6,0.396627,0.95,80.0026,7.73076,-4.19131,8.23594,-1.18576,6.46504
2.525,2.6,0.356167,-0.775,0.298509,0.159377,0.0248291,0.303851,-0.0690698,0.612318
2.525,2.6,0.356167,-0.525,0.0272308,0.0687033,-0.00296296,0.123286,0.000572519,0.251277
2.525,2.6,0.356167,-0.3,0.103761,0.119567,0.0236113,0.270913,-0.00717191,0.462039
2.525,2.6,0.356167,-0.1,0.699585,0.207707,-1.06712,0.471107,-0.878582,0.800569
2.525,2.6,0.356167,0.1,0.553894,0.227333,-0.274464,0.520827,0.322393,1.01148
2.525,2.6,0.356167,0.3,3.84095,0.513798,-2.33077,0.95776,0.0721591,1.77385
2.525,2.6,0.356167,0.5,7.6785,0.87402,-3.92223,1.4607,-5.63249,2.78628
2.525,2.6,0.356167,0.675,22.0776,2.56412,0.319074,4.2808,4.82337,7.37064
2.525,2.6,0.356167,0.95,70.5615,6.99574,-4.78463,8.32484,-1.27511,17.7528
2.575,2.6,0.313692,-0.775,0.076004,0.0972049,0.0126445,0.198881,-0.172674,0.46221
2.575,2.6,0.313692,-0.525,0.0404336,0.0773512,-0.0496296,0.170435,-0.00477099,0.268177
2.575,2.6,0.313692,-0.3,0.0360433,0.0690985,0.00214648,0.196305,-0.00266385,0.29256
2.575,2.6,0.313692,-0.1,0.505494,0.165377,-0.838316,0.383939,-0.104055,0.690963
2.575,2.6,0.313692,0.1,1.17041,0.275727,-1.41955,0.605281,0.838757,1.07492
2.575,2.6,0.313692,0.3,1.97531,0.318856,-2.48046,0.739916,-0.536217,1.4421
2.575,2.6,0.313692,0.5,6.39684,0.73674,-4.33321,1.29871,-5.55339,2.61949
2.575,2.6,0.313692,0.675,18.5421,2.13704,1.01806,3.44493,5.57802,6.73434
2.575,2.6,0.313692,0.95,46.1329,4.85808,-3.82191,7.86895,-1.70957,17.7533
1.63,3.45,0.725,-0.775,37.26,4.29627,-0.282,3.77414,8.927,6.17202
1.63,3.45,0.725,-0.525,25.659,3.30486,2.919,3.20525,-0.365,5.12618
1.63,3.45,0.725,-0.3,19.508,2.79581,-5.147,3.03142,5.737,4.98341
1.63,3.45,0.725,-0.1,25.453,3.44585,3.696,3.21918,-2.957,5.47295
1.63,3.45,0.725,0.1,21.913,3.06888,3.734,3.1851,8.131,5.018
1.63,3.45,0.725,0.3,23.373,3.05593,0.266,2.93517,6.8,4.97108
1.63,3.45,0.725,0.5,25.93,3.43757,1.449,3.04672,-3.371,5.60589
1.63,3.45,0.725,0.675,24.728,3.70905,0.523,3.59652,-0.615,6.5164
1.63,3.45,0.725,0.825,34.39,4.61872,10.772,4.58752,1.804,7.58594
1.63,3.45,0.725,0.95,30.426,5.66837,2.806,6.15277,-5.311,10.7959
1.675,3.45,0.7114,-0.775,27.065,3.0268,-3.778,2.62153,6.361,4.30088
1.675,3.45,0.7114,-0.525,29.475,3.35208,10.711,3.28447,6.336,4.30432
1.675,3.45,0.7114,-0.3,28.067,3.22161,4.741,3.02529,6.756,4.65658
1.675,3.45,0.7114,-0.1,24.452,2.84246,-2.744,2.51458,5.198,4.16662
1.675,3.45,0.7114,0.1,23.612,2.78304,-0.378,2.36541,-0.011,4.126
1.675,3.45,0.7114,0.3,32.47,3.53824,-4.747,2.33696,-17.497,5.27264
1.675,3.45,0.7114,0.5,41.063,4.20774,1.638,2.67188,-8.815,5.15816
1.675,3.45,0.7114,0.675,55.351,5.52785,0.353,3.31826,-10.554,6.44932
1.675,3.45,0.7114,0.825,79.395,7.53653,1.882,3.81037,-21.78,7.8104
1.675,3.45,0.7114,0.95,97.612,9.51072,-1.423,5.91334,10.237,10.3416
1.725,3.45,0.6922,-0.775,20.643,2.50443,2.571,2.5091,-1.455,3.95866
1.725,3.45,0.6922,-0.525,17.758,2.03174,-2.225,1.88803,2.237,3.08711
1.725,3.45,0.6922,-0.3,22.842,2.52226,-4.966,2.33059,-2.174,3.80451
1.725,3.45,0.6922,-0.1,27.198,2.98102,-4.192,2.84854,3.436,4.5498
1.725,3.45,0.6922,0.1,36.398,3.84736,-5.581,3.29534,2.263,5.25268
1.725,3.45,0.6922,0.3,50.357,5.10444,-5.512,3.53728,-12.288,6.3723
1.725,3.45,0.6922,0.5,55.777,5.38473,-6.435,3.23775,0.642,5.72249
1.725,3.45,0.6922,0.675,76.504,7.19109,-2.334,3.79683,4.2,6.91149
1.725,3.45,0.6922,0.825,105.541,9.57817,-5.197,3.93822,-21.437,8.00317
1.725,3.45,0.6922,0.95,123.725,11.5832,14.869,6.37592,3.554,11.0258
1.775,3.45,0.6741,-0.775,7.083,1.15784,-4.215,1.40256,-1.696,2.26969
1.775,3.45,0.6741,-0.525,13.132,1.59262,-7.055,1.79415,-1.89,2.60341
1.775,3.45,0.6741,-0.3,22.988,2.52231,-3.884,2.52719,5.516,4.01126
1.775,3.45,0.6741,-0.1,31.919,3.25868,-6.837,2.70212,-0.016,4.269
1.775,3.45,0.6741,0.1,36.964,3.69893,-10.091,2.93586,-5.159,4.65331
1.775,3.45,0.6741,0.3,46.646,4.61003,-12.613,3.47673,-9.602,5.54696
1.775,3.45,0.6741,0.5,67.039,6.44305,0.374,4.16223,3.592,6.62035
1.775,3.45,0.6741,0.675,69.173,6.51151,-3.546,3.56721,5.65,6.48976
1.775,3.45,0.6741,0.825,90.728,8.25649,0.344,3.64322,2.618,6.84386
1.775,3.45,0.6741,0.95,147.246,13.6658,-12.01,6.17306,-55.403,14.3576
1.825,3.45,0.6506,-0.775,9.782,1.54148,0.159,1.84209,-6.398,3.18715
1.825,3.45,0.6506,-0.525,13.441,1.70307,-3.694,2.0491,0.086,3.19802
1.825,3.45,0.6506,-0.3,19.194,2.27743,-7.198,2.69117,0,4.067
1.825,3.45,0.6506,-0.1,25.131,2.67672,-10.161,2.78092,2.326,4.06712
1.825,3.45,0.6506,0.1,31.979,3.20392,-6.787,2.5365,-6.602,4.24684
1.825,3.45,0.6506,0.3,47.576,4.66418,-2.496,3.56299,6.292,5.78404
1.825,3.45,0.6506,0.5,56.103,5.51589,-5.358,4.1605,-3.325,6.54657
1.825,3.45,0.6506,0.675,64.994,6.31486,0.83,4.08315,-1.623,7.13953
1.825,3.45,0.6506,0.825,81.481,7.52876,0.595,3.76064,2.557,7.09431
1.825,3.45,0.6506,0.95,120.97,11.258,1.332,5.73512,-15.471,11.2062
1.875,3.45,0.6308,-0.775,10.568,1.49417,-1.555,1.80221,3.361,2.98799
1.875,3.45,0.6308,-0.525,13.254,1.55581,-2.898,1.57005,-5.252,2.76027
1.875,3.45,0.6308,-0.3,18.058,2.11633,-3.863,2.31652,5.239,3.67744
1.875,3.45,0.6308,-0.1,21.099,2.45738,-1.006,2.71255,7.446,4.23067
1.875,3.45,0.6308,0.1,31.125,3.15668,-3.632,2.71249,-4.174,4.46181
1.875,3.45,0.6308,0.3,35.537,3.51578,-5.764,2.78974,1.715,4.52745
1.875,3.45,0.6308,0.5,49.873,4.90228,-7.826,3.92821,-0.408,6.04319
1.875,3.45,0.6308,0.675,53.015,5.29008,-11.367,4.16504,-4.666,6.88867
1.875,3.45,0.6308,0.825,75.303,7.04283,-2.999,4.06617,15.568,7.52381
1.875,3.45,0.6308,0.95,115.977,10.8114,-7.897,5.98278,-11.2,10.9805
1.925,3.45,0.6053,-0.775,7.463,1.14149,-0.664,1.32129,-2.69,2.47311
1.925,3.45,0.6053,-0.525,9.449,1.19511,-2.898,1.24313,-5.852,2.38633
1.925,3.45,0.6053,-0.3,10.784,1.41275,-2.601,1.7162,2.021,2.79901
1.925,3.45,0.6053,-0.1,15.014,1.86501,-4.177,2.36504,1.545,3.74736
1.925,3.45,0.6053,0.1,17.631,1.96568,-9.834,2.2478,-7.076,3.41294
1.925,3.45,0.6053,0.3,31.705,3.2111,-0.482,2.84556,2.799,4.68047
1.925,3.45,0.6053,0.5,40.961,4.11691,-4.103,3.72407,7.956,5.91767
1.925,3.45,0.6053,0.675,56.184,5.85652,-1.134,5.36964,-5.593,8.38158
1.925,3.45,0.6053,0.825,78.837,7.46345,-7.946,4.63813,-2.345,8.50942
1.925,3.45,0.6053,0.95,111.644,10.4259,12.799,6.24034,-16.059,11.3812
1.975,3.45,0.5833,-0.775,7.111,1.10581,1.625,1.40889,-1.142,2.40671
1.975,3.45,0.5833,-0.525,5.336,0.815721,1.12,1.04822,-1.384,1.8242
1.975,3.45,0.5833,-0.3,5.659,0.942059,-0.661,1.29631,0.689,2.19848
1.975,3.45,0.5833,-0.1,8.281,1.13549,-5.158,1.48331,-0.638,2.38517
1.975,3.45,0.5833,0.1,14.399,1.7775,-5.168,2.19589,-2.151,3.45518
1.975,3.45,0.5833,0.3,26.996,2.84806,-1.069,3.05456,2.627,4.94656
1.975,3.45,0.5833,0.5,41.733,4.12332,-1.371,3.51766,2.266,5.74013
1.975,3.45,0.5833,0.675,48.635,5.1774,-10.168,5.20478,0.304,8.11908
1.975,3.45,0.5833,0.825,65.523,6.43579,-1.538,4.71444,1.54,8.40293
1.975,3.45,0.5833,0.95,107.687,10.0301,15.363,6.47643,6.812,11.0967
2.025,3.45,0.5616,-0.775,1.617,0.474349,-0.697,0.654103,-1.158,1.35678
2.025,3.45,0.5616,-0.525,1.926,0.476975,0.288,0.617919,-1.993,1.28041
2.025,3.45,0.5616,-0.3,4.117,0.79066,0.193,1.13422,0.415,1.93061
2.025,3.45,0.5616,-0.1,8.599,1.16252,-5.241,1.5688,1.535,2.51043
2.025,3.45,0.5616,0.1,14.918,1.79678,-3.924,2.20825,-0.423,3.57034
2.025,3.45,0.5616,0.3,25.063,2.7538,-1.828,3.28497,1.966,5.21508
2.025,3.45,0.5616,0.5,34.797,3.45618,-5.319,3.10598,-4.129,5.18953
2.025,3.45,0.5616,0.675,44.817,4.80104,-14.607,5.20082,-15.461,8.44404
2.025,3.45,0.5616,0.825,58.826,5.9855,-4.024,4.77228,-10.945,8.74823
2.025,3.45,0.5616,0.95,104.248,9.74733,5.12,6.11442,-15.887,11.4459
2.075,3.45,0.5394,-0.775,0.925,0.337292,0.359,0.443991,-0.901,0.921053
2.075,3.45,0.5394,-0.525,1.07,0.37422,0.19,0.551448,-0.561,1.04706
2.075,3.45,0.5394,-0.3,3.948,0.729738,-2.833,1.12876,0.546,1.90507
2.075,3.45,0.5394,-0.1,7.874,1.024,-4.79,1.38267,1.99,2.25605
2.075,3.45,0.5394,0.1,11.237,1.37421,-4.413,1.74226,-0.962,2.89719
2.075,3.45,0.5394,0.3,15.877,1.83408,-5.957,2.37268,-7.533,3.8775
2.075,3.45,0.5394,0.5,28.871,2.974,-3.129,3.1136,1.575,5.16429
2.075,3.45,0.5394,0.675,34.334,3.8214,-10.957,4.55128,-8.543,7.49098
2.075,3.45,0.5394,0.825,55.378,5.77635,-8.586,5.34819,-9.33,9.27546
2.075,3.45,0.5394,0.95,94.972,8.95708,-3.165,5.76391,-31.615,11.8093
2.125,3.45,0.5145,-0.775,0.427,0.349888,0.296,0.597005,0.018,0.915002
2.125,3.45,0.5145,-0.525,1.203,0.38387,-0.54,0.470263,-1.523,1.13507
2.125,3.45,0.5145,-0.3,3.337,0.610848,-2.584,0.937108,0.41,1.6507
2.125,3.45,0.5145,-0.1,4.832,0.741202,-2.904,1.09124,1.112,1.8835
2.125,3.45,0.5145,0.1,9.14,1.15673,-2.008,1.48964,-0.823,2.62277
2.125,3.45,0.5145,0.3,14.235,1.7745,-0.419,2.46249,3.315,3.8874
2.125,3.45,0.5145,0.5,20.903,2.23995,-8.446,2.63622,-4.016,4.27987
2.125,3.45,0.5145,0.675,32.551,3.62238,-8.005,4.27681,-10.528,7.37164
2.125,3.45,0.5145,0.825,46.172,5.02678,-16.539,5.51746,-12.498,9.29672
2.125,3.45,0.5145,0.95,97.694,9.30616,2.283,6.48251,-22.62,12.8808
2.175,3.45,0.4841,-0.775,0.154,0.205417,0.116,0.334276,-0.159,0.602287
2.175,3.45,0.4841,-0.525,0.642,0.300988,0.24,0.494797,-0.452,0.928507
2.175,3.45,0.4841,-0.3,3.156,0.611934,-1.388,1.03581,4.388,1.86794
2.175,3.45,0.4841,-0.1,3.127,0.592914,-0.72,0.917874,0.15,1.72009
2.175,3.45,0.4841,0.1,5.839,0.858096,-1.622,1.22776,-1.138,2.2729
2.175,3.45,0.4841,0.3,10.712,1.38001,-4.361,2.04565,-2.237,3.44695
2.175,3.45,0.4841,0.5,18.979,2.22612,-4.773,3.13415,-3.688,5.23681
2.175,3.45,0.4841,0.675,31.689,3.4583,-12.865,4.1254,-19.205,7.56157
2.175,3.45,0.4841,0.825,43.207,5.043,-17.44,6.32895,-12.606,10.4605
2.175,3.45,0.4841,0.95,92.494,9.04141,-2.974,6.63014,-47.008,15.1916
2.225,3.45,0.429334,-0.775,0.100852,0.163189,0.0961296,0.275932,0.205765,0.523643
2.225,3.45,0.429334,-0.525,0.444462,0.227783,0.0131868,0.378369,-0.411994,0.769694
2.225,3.45,0.429334,-0.3,2.05647,0.482411,-1.03085,0.863623,2.65289,1.60138
2.225,3.45,0.429334,-0.1,2.27612,0.511287,-0.282316,0.876284,-2.66842,1.65867
2.225,3.45,0.429334,0.1,4.00305,0.642624,-1.06109,1.0254,0.887712,1.93778
2.225,3.45,0.429334,0.3,9.66126,1.25054,-10.2231,1.91708,-2.74199,3.23816
2.225,3.45,0.429334,0.5,18.0555,2.19642,-6.71174,3.5641,35.2994,6.05182
2.225,3.45,0.429334,0.825,35.6702,4.22375,-21.0289,5.84471,-28.8765,11.096
2.225,3.45,0.429334,0.95,82.1305,8.15863,1.78136,6.70093,-63.1117,16.2247
2.275,3.45,0.394726,-0.775,0.200926,0.175908,0.0166481,0.338181,-4.98044,0.676093
2.275,3.45,0.394726,-0.525,0.160674,0.160809,-0.101538,0.299783,-0.12423,0.620157
2.275,3.45,0.394726,-0.3,0.895949,0.311139,-0.319267,0.579928,0.840158,1.17989
2.275,3.45,0.394726,-0.1,1.70318,0.442081,-0.220168,0.831237,-2.04737,1.59776
2.275,3.45,0.394726,0.1,2.85915,0.533536,-0.400387,0.954532,0.779674,1.86635
2.275,3.45,0.394726,0.3,7.59276,1.03367,-6.47861,1.66664,-1.24439,2.97367
2.275,3.45,0.394726,0.5,15.2574,1.95895,-2.90733,3.42278,10.5371,5.7536
2.275,3.45,0.394726,0.825,38.5075,4.83766,-9.69734,7.67743,-13.0312,12.605
2.275,3.45,0.394726,0.95,81.3916,8.20997,12.3548,7.74488,-78.4396,19.0826
2.325,3.45,0.358299,-0.775,0.189,0.154681,-0.0929074,0.280765,-0.411529,0.584612
2.325,3.45,0.358299,-0.525,0.162761,0.189656,-0.176703,0.405057,0.00210559,0.768856
2.325,3.45,0.358299,-0.3,0.559632,0.260905,-0.142858,0.531113,1.10271,1.0799
2.325,3.45,0.358299,-0.1,0.697337,0.308511,-0.324379,0.597501,0.960526,1.25863
2.325,3.45,0.358299,0.1,2.85856,0.521424,-0.633429,0.930986,-1.86906,1.92417
2.325,3.45,0.358299,0.3,6.33741,0.900439,-6.77347,1.58304,-1.11705,2.87224
2.325,3.45,0.358299,0.5,12.2594,1.60072,-9.14799,2.96258,13.8333,5.15346
2.325,3.45,0.358299,0.825,35.1296,4.76359,9.20467,9.32626,3.25721,13.8209
2.325,3.45,0.358299,0.95,67.7116,7.04357,10.0683,8.01296,-33.6575,19.242
2.375,3.45,0.320052,-0.775,0.142074,0.128338,0.0327593,0.237429,1.54324,0.530713
2.375,3.45,0.320052,-0.525,0.164152,0.176649,-0.105495,0.394042,-0.0175466,0.733971
2.375,3.45,0.320052,-0.3,0.610752,0.30944,-0.206171,0.604494,-0.609571,1.37443
2.375,3.45,0.320052,-0.1,1.22905,0.376186,-0.416463,0.79177,-1.87632,1.54678
2.375,3.45,0.320052,0.1,1.66115,0.403904,-0.963779,0.855586,-0.912921,1.77541
2.375,3.45,0.320052,0.3,5.67115,0.826047,-6.50542,1.52122,-1.49326,2.90035
2.375,3.45,0.320052,0.825,34.6372,4.40059,-14.3357,7.80223,-33.9296,15.5973
2.375,3.45,0.320052,0.95,64.893,7.00555,3.17715,9.36623,-1.66564,22.7005
2.425,3.45,0.280004,-0.775,0.0751065,0.0886118,0.0145688,0.141254,6.35239,0.36419
2.425,3.45,0.280004,-0.525,0.58601,0.232585,-0.547009,0.477221,-0.124701,0.839497
2.425,3.45,0.280004,-0.3,0.149382,0.172808,-0.00754992,0.447739,-0.0154381,0.844716
2.425,3.45,0.280004,-0.1,0.646615,0.260144,-0.476161,0.603882,-1.41676,1.20066
2.425,3.45,0.280004,0.1,1.38596,0.35621,-1.06927,0.826775,-0.99241,1.69331
2.425,3.45,0.280004,0.3,4.3099,0.660743,-4.7017,1.4085,-0.82629,2.73825
2.425,3.45,0.280004,0.825,27.1057,3.4826,-25.7286,6.80171,-51.8957,14.775
2.425,3.45,0.280004,0.95,61.9584,6.77868,2.15232,10.0842,-3.64849,25.9658
2.475,3.45,0.23819,-0.525,0.149803,0.147775,-0.103541,0.327383,-0.00977787,0.631053
2.475,3.45,0.23819,-0.3,0.311008,0.208744,-0.0702723,0.532962,-0.0491212,1.04949
2.475,3.45,0.23819,-0.1,0.458001,0.210718,-0.529463,0.549031,0.464317,1.04037
2.475,3.45,0.23819,0.1,1.60627,0.364557,-0.95439,0.820599,1.65,1.69383
2.475,3.45,0.23819,0.3,3.24743,0.518984,-5.87211,1.2381,-0.816389,2.44558
2.475,3.45,0.23819,0.95,55.4032,6.02347,2.89613,10.0758,-3.00616,9.8714
2.525,3.45,0.194667,-0.775,0.0773911,0.0891472,0.0133342,0.184478,0.323003,0.433867
2.525,3.45,0.194667,-0.525,0.0189406,0.0642159,-0.0039072,0.147152,0.00040183,0.30234
2.525,3.45,0.194667,-0.3,0.0930576,0.131851,0.0127768,0.355116,-0.0163737,0.711493
2.525,3.45,0.194667,-0.1,0.497295,0.195355,-0.404381,0.546752,2.31206,1.03458
2.525,3.45,0.194667,0.1,0.329313,0.178364,-0.170111,0.559082,0.580512,1.20025
2.525,3.45,0.194667,0.3,2.87863,0.462163,-4.80591,1.17568,0.104411,2.32553
2.525,3.45,0.194667,0.95,48.8651,5.45078,3.30611,10.1846,-3.23269,27.1065
2.575,3.45,0.149512,-0.775,0.0197047,0.0543713,0.00679055,0.120748,0.807507,0.327506
2.575,3.45,0.149512,-0.525,0.0281239,0.072299,-0.0654457,0.203428,-0.00334858,0.322675
2.575,3.45,0.149512,-0.3,0.0323253,0.0761972,0.00116153,0.257319,-0.00608168,0.450512
2.575,3.45,0.149512,-0.1,0.359327,0.155542,-0.317678,0.445587,0.273828,0.892938
2.575,3.45,0.149512,0.1,0.695857,0.216334,-0.879828,0.649739,1.51029,1.27553
2.575,3.45,0.149512,0.3,1.48041,0.286812,-5.11455,0.908272,-0.775884,1.89061
2.575,3.45,0.149512,0.95,31.9479,3.78521,2.64088,9.62685,-4.33414,27.1073
